concept_name,concept_id,include,rationale
Heart disease,321588,False,"No, heart disease is not specific to pulmonary hypertension. While pulmonary hypertension can lead to right ventricular dysfunction and ultimately heart failure, heart disease is a broad term that encompasses various conditions affecting the heart, including coronary artery disease, heart rhythm disorders, and structural heart defects. Therefore, having heart disease does not necessarily mean that an individual has pulmonary hypertension."
Soft tissue lesion,4344497,False,"No, a soft tissue lesion is not specific to Pulmonary Hypertension. A soft tissue lesion refers to an abnormal growth or mass in the soft tissues of the body, which can occur for various reasons unrelated to PH. Soft tissue lesions can be benign or malignant and may require further evaluation and treatment depending on the specific characteristics and location of the lesion. In the context of PH, soft tissue lesions would not be a defining feature or diagnostic criterion for the condition."
Hypertensive disorder,316866,False,"No, the condition ""Hypertensive disorder"" is not specific to the malady Pulmonary Hypertension. 

Hypertensive disorder typically refers to conditions such as essential hypertension (high blood pressure), which is a common medical condition that can affect various organ systems in the body, including the heart, kidneys, and blood vessels. While pulmonary hypertension involves elevated blood pressure specifically within the pulmonary vasculature, it is a distinct and separate condition from essential hypertension. 

Therefore, having a hypertensive disorder does not necessarily mean that an individual has Pulmonary Hypertension. Pulmonary Hypertension is a specific diagnosis that requires confirmation through right heart catheterization and evaluation of mean pulmonary arterial pressure."
Complication,433128,False,"No, the condition ""Complication"" is not specific to Pulmonary Hypertension. Complications can arise from various medical conditions, including Pulmonary Hypertension, but having a complication does not definitively mean that a person has Pulmonary Hypertension. Complications can be a result of a wide range of diseases or conditions, so it is not specific to any one particular malady."
Mass of soft tissue,40481517,False,"No, a mass of soft tissue is not specific to Pulmonary Hypertension. While patients with PH may present with symptoms such as dyspnea, fatigue, chest pain, and signs of right heart failure, a mass of soft tissue is not a typical or specific finding associated with this condition. A mass of soft tissue may indicate other conditions such as tumors, cysts, or inflammatory processes, which would require further evaluation and diagnostic testing to determine the underlying cause."
Disorder of lung,257907,False,"No, a disorder of the lung is not specific to Pulmonary Hypertension. While Pulmonary Hypertension can be associated with certain lung diseases, it is not solely defined by a disorder of the lung. Pulmonary Hypertension is specifically characterized by elevated blood pressure within the pulmonary vasculature, leading to right ventricular dysfunction and ultimately heart failure. Therefore, having a disorder of the lung does not definitively mean that an individual has Pulmonary Hypertension."
Disorder of artery,321887,False,"No, the condition ""Disorder of artery"" is not specific to Pulmonary Hypertension. While Pulmonary Hypertension involves elevated blood pressure within the pulmonary vasculature, a disorder of an artery could refer to a wide range of conditions affecting any artery in the body, not specifically the pulmonary arteries. Pulmonary Hypertension is a specific diagnosis that involves specific criteria related to the pulmonary vasculature and right heart dysfunction."
Disorder of connective tissue,253549,True,"Yes, a disorder of connective tissue can be specific to Pulmonary Hypertension. Connective tissue diseases, such as systemic sclerosis (scleroderma) and systemic lupus erythematosus, are known to be associated with the development of Pulmonary Hypertension. In these cases, the presence of a connective tissue disorder can lead to the development of PH, making it a specific condition for this malady."
Heart failure,316139,True,"Yes, heart failure is specific to pulmonary hypertension. 

Heart failure is a common complication of pulmonary hypertension, as the elevated blood pressure within the pulmonary vasculature can lead to right ventricular dysfunction and ultimately heart failure. In fact, heart failure is one of the potential outcomes of untreated or poorly managed pulmonary hypertension. Therefore, if a patient has heart failure, it may be indicative of underlying pulmonary hypertension as the cause. However, not all cases of heart failure are due to pulmonary hypertension, as heart failure can have various other causes such as coronary artery disease, valvular heart disease, or cardiomyopathy."
Heart valve disorder,4281749,False,"No, a heart valve disorder is not specific to Pulmonary Hypertension. While patients with Pulmonary Hypertension may develop right heart failure, which can lead to tricuspid valve regurgitation, a heart valve disorder is not a defining characteristic of Pulmonary Hypertension. Pulmonary Hypertension is primarily characterized by elevated blood pressure within the pulmonary vasculature, leading to right ventricular dysfunction."
Atrial fibrillation,313217,False,"No, atrial fibrillation is not specific to pulmonary hypertension. While atrial fibrillation can be seen in patients with pulmonary hypertension, it is not a defining characteristic of the disease. Atrial fibrillation is a common arrhythmia that can occur in various cardiac and non-cardiac conditions, and it is not exclusive to pulmonary hypertension. Therefore, having atrial fibrillation does not definitively mean that a person has pulmonary hypertension."
Congestive heart failure,319835,False,"No, congestive heart failure is not specific to pulmonary hypertension. While pulmonary hypertension can lead to right ventricular dysfunction and ultimately heart failure, congestive heart failure can have various causes, including coronary artery disease, hypertension, and valvular heart disease, among others. Therefore, if someone has congestive heart failure, they may or may not have pulmonary hypertension as the underlying cause."
Chronic disease of cardiovascular system,4028244,False,"No. The condition ""Chronic disease of cardiovascular system"" is a broad term that encompasses a wide range of cardiovascular conditions, including but not limited to coronary artery disease, heart failure, arrhythmias, and valvular heart disease. While pulmonary hypertension is a specific cardiovascular condition characterized by elevated blood pressure within the pulmonary vasculature, it is not synonymous with a chronic disease of the cardiovascular system. Therefore, having a chronic disease of the cardiovascular system does not necessarily mean that an individual has pulmonary hypertension."
Renal failure syndrome,192359,False,"No, renal failure syndrome is not specific to pulmonary hypertension. While renal failure can be a complication of pulmonary hypertension due to right heart failure and decreased cardiac output, it is not a defining characteristic of the disease. Pulmonary hypertension is primarily characterized by elevated blood pressure within the pulmonary vasculature and right ventricular dysfunction. Therefore, having renal failure syndrome does not definitively mean that a person has pulmonary hypertension."
Chronic heart disease,4134586,False,"No, chronic heart disease is not specific to pulmonary hypertension. While pulmonary hypertension can lead to right ventricular dysfunction and heart failure, chronic heart disease is a broad term that encompasses various conditions affecting the heart, such as coronary artery disease, heart failure, and arrhythmias. Therefore, having chronic heart disease does not definitively mean that a person has pulmonary hypertension."
Disorder of vein,4234997,False,"No, a disorder of the vein is not specific to Pulmonary Hypertension. While Pulmonary Hypertension is characterized by elevated blood pressure within the pulmonary vasculature, it specifically refers to the pulmonary arteries rather than veins. Pulmonary Hypertension is a specific condition with defined criteria for diagnosis, and a disorder of the vein would not definitively indicate the presence of Pulmonary Hypertension. Additional evaluation and testing would be necessary to confirm a diagnosis of Pulmonary Hypertension."
Complication of procedure,442019,False,"No, the condition ""Complication of procedure"" is not specific to Pulmonary Hypertension. Complications of procedures can occur in a variety of medical conditions and situations, not just in the context of Pulmonary Hypertension. Pulmonary Hypertension is specifically related to elevated blood pressure within the pulmonary vasculature and right ventricular dysfunction, which is not directly related to complications of procedures."
Effect of exposure to physical force,4167864,False,"No, the condition ""Effect of exposure to physical force"" is not specific to Pulmonary Hypertension. While physical force or trauma can potentially lead to certain medical conditions or injuries, it is not a defining characteristic or specific symptom of Pulmonary Hypertension. Pulmonary Hypertension is primarily characterized by elevated blood pressure within the pulmonary vasculature, leading to right ventricular dysfunction and heart failure, as described in the provided description."
Human immunodeficiency virus infection,439727,False,"No, human immunodeficiency virus infection is not specific to pulmonary hypertension. While patients with HIV infection may develop various complications and comorbidities, including pulmonary hypertension, not all individuals with HIV will develop this condition. Pulmonary hypertension can have various causes, as mentioned in the description, and HIV infection is just one of many potential contributing factors. Therefore, having HIV does not definitively mean that an individual will have pulmonary hypertension."
Interstitial lung disease,4119786,False,"No, interstitial lung disease is not specific to pulmonary hypertension. While interstitial lung disease can be associated with pulmonary hypertension as a potential complication, not all patients with interstitial lung disease will develop pulmonary hypertension. Additionally, pulmonary hypertension can have various other causes beyond interstitial lung disease. Therefore, having interstitial lung disease does not definitively mean that a person has pulmonary hypertension."
Chronic obstructive lung disease,255573,False,"No.

Rationale: Chronic obstructive lung disease (COPD) is a separate medical condition that can be associated with pulmonary hypertension (PH) but is not specific to PH. While COPD can lead to PH due to chronic hypoxia and pulmonary vascular remodeling, not all patients with COPD will develop PH. Therefore, having COPD does not definitively mean that a person has PH."
Congenital heart disease,312723,False,"No, congenital heart disease is not specific to pulmonary hypertension. While congenital heart disease can be associated with pulmonary hypertension, not all individuals with congenital heart disease will develop pulmonary hypertension. Pulmonary hypertension can be caused by various factors, including but not limited to congenital heart defects. Therefore, having congenital heart disease does not definitively mean that an individual will have pulmonary hypertension."
Sleep disorder,435524,False,"No, a sleep disorder is not specific to pulmonary hypertension. While patients with pulmonary hypertension may experience symptoms such as fatigue and difficulty sleeping due to their condition, having a sleep disorder does not definitively mean that a person has pulmonary hypertension. Sleep disorders can have various causes and are not exclusive to pulmonary hypertension."
Chronic renal failure,198185,False,"No, chronic renal failure is not specific to pulmonary hypertension. While chronic renal failure can lead to various complications and comorbidities, it is not a defining characteristic or requirement for the diagnosis of pulmonary hypertension. The two conditions can coexist in some cases, but having chronic renal failure does not definitively mean that a person has pulmonary hypertension. Each condition has its own set of diagnostic criteria and treatment approaches."
Disorder of pulmonary circulation,433208,True,"Yes, the condition ""Disorder of pulmonary circulation"" is specific to the malady Pulmonary Hypertension. 

Pulmonary Hypertension is a specific type of disorder of pulmonary circulation characterized by elevated blood pressure within the pulmonary vasculature. Therefore, if someone has a disorder of pulmonary circulation, they may have Pulmonary Hypertension as one of the potential underlying causes. However, not all cases of a disorder of pulmonary circulation will necessarily lead to Pulmonary Hypertension, as there are other potential causes for this condition as well."
Myeloproliferative disorder,4175485,False,"No, myeloproliferative disorder is not specific to pulmonary hypertension. Myeloproliferative disorders are a group of conditions characterized by the overproduction of blood cells in the bone marrow, leading to an increased risk of blood clots, bleeding, and other complications. While there may be some overlap in symptoms such as fatigue and chest pain, myeloproliferative disorders do not directly cause pulmonary hypertension. It is important to consider other potential causes of pulmonary hypertension in a patient with a myeloproliferative disorder."
Idiopathic disease,442106,True,"Yes, the condition of idiopathic disease is specific to the malady of Pulmonary Hypertension. Idiopathic disease refers to a condition where the underlying cause is unknown, and Pulmonary Hypertension can be idiopathic in nature. In fact, idiopathic Pulmonary Hypertension is a recognized subtype of the disease. Therefore, if a patient is diagnosed with idiopathic disease, they may definitely have the malady of Pulmonary Hypertension."
Pulmonary artery finding,4108173,True,"Yes, a pulmonary artery finding would be specific to Pulmonary Hypertension. In PH, there is elevated blood pressure within the pulmonary vasculature, which can be observed through imaging studies such as echocardiography or confirmed by right heart catheterization. Therefore, a pulmonary artery finding would indicate the presence of PH."
Autosomal recessive hereditary disorder,4312226,False,"No, the condition of autosomal recessive hereditary disorder is not specific to Pulmonary Hypertension. While Pulmonary Hypertension can be hereditary in some cases, it can also be caused by various other factors such as drug-induced, connective tissue diseases, congenital heart defects, or chronic lung diseases. Therefore, having an autosomal recessive hereditary disorder does not definitively mean that an individual will have Pulmonary Hypertension."
Lymphadenopathy,315085,False,"No, lymphadenopathy is not specific to Pulmonary Hypertension. Lymphadenopathy refers to the enlargement of lymph nodes, which can be caused by a wide range of conditions such as infections, inflammatory diseases, and malignancies. While lymphadenopathy can be seen in some cases of Pulmonary Hypertension, it is not a specific or defining feature of the disease. Therefore, having lymphadenopathy does not definitively mean that a person has Pulmonary Hypertension."
Right ventricular failure,4273632,True,"Yes, right ventricular failure is specific to Pulmonary Hypertension. In Pulmonary Hypertension, elevated blood pressure within the pulmonary vasculature can lead to right ventricular dysfunction and ultimately, heart failure. Right ventricular failure is a common complication of Pulmonary Hypertension, as the right ventricle has to work harder to pump blood through the elevated pulmonary pressures, leading to its eventual failure. Therefore, if a patient has right ventricular failure, it is highly likely that they have Pulmonary Hypertension."
Cor pulmonale,4307356,True,"Yes, cor pulmonale is specific to pulmonary hypertension. Cor pulmonale is a condition characterized by right ventricular hypertrophy and eventually right heart failure due to pulmonary hypertension as the underlying cause. Therefore, if a patient has cor pulmonale, they definitely have pulmonary hypertension."
Chronic right-sided heart failure,4014159,True,"Yes, chronic right-sided heart failure is specific to Pulmonary Hypertension. 

In Pulmonary Hypertension, elevated blood pressure within the pulmonary vasculature can lead to right ventricular dysfunction and ultimately, heart failure. Chronic right-sided heart failure is a common complication of Pulmonary Hypertension, as the increased pressure in the pulmonary arteries can cause the right side of the heart to work harder to pump blood to the lungs, leading to right ventricular dysfunction. Therefore, if a patient has chronic right-sided heart failure, it is highly likely that they also have Pulmonary Hypertension."
Chronic cor pulmonale,4195892,True,"Yes, chronic cor pulmonale is specific to pulmonary hypertension. Chronic cor pulmonale is a condition characterized by right ventricular hypertrophy and dysfunction secondary to pulmonary hypertension. It is a complication of pulmonary hypertension, specifically affecting the right side of the heart due to increased pressure in the pulmonary vasculature. Therefore, if a patient has chronic cor pulmonale, they definitely have pulmonary hypertension."
Immunodeficiency disorder,433740,False,"No, an immunodeficiency disorder is not specific to Pulmonary Hypertension. While patients with immunodeficiency disorders may be at an increased risk for developing various medical conditions, including pulmonary infections, there is no direct causal relationship between immunodeficiency disorders and Pulmonary Hypertension. Pulmonary Hypertension is primarily related to elevated blood pressure within the pulmonary vasculature and right ventricular dysfunction, which are not directly linked to immunodeficiency disorders."
Diastolic heart failure,443587,False,"No, diastolic heart failure is not specific to pulmonary hypertension. Diastolic heart failure is a type of heart failure where the heart is unable to relax and fill with enough blood, leading to elevated pressures in the heart and lungs. While pulmonary hypertension can lead to right ventricular dysfunction and heart failure, diastolic heart failure can have various causes including hypertension, coronary artery disease, and valvular heart disease. Therefore, having diastolic heart failure does not definitively mean that a person has pulmonary hypertension."
Pulmonary embolism,440417,False,"No, pulmonary embolism is not specific to pulmonary hypertension. While both conditions involve the pulmonary vasculature, they are distinct entities with different underlying causes and pathophysiology. Pulmonary embolism is a blockage of one or more arteries in the lungs, usually caused by blood clots that travel from other parts of the body, such as the legs. It presents with symptoms such as sudden onset of shortness of breath, chest pain, and coughing up blood. Diagnosis is typically confirmed with imaging studies such as CT pulmonary angiography. Treatment involves anticoagulant therapy to prevent further clot formation. While pulmonary embolism can lead to pulmonary hypertension as a complication, not all patients with pulmonary embolism will develop pulmonary hypertension."
Congenital septal defect of heart,4245646,True,"Yes, a congenital septal defect of the heart can be specific to Pulmonary Hypertension. 

Congenital septal defects of the heart, such as atrial septal defects (ASD) or ventricular septal defects (VSD), can lead to increased blood flow through the lungs, causing pulmonary hypertension over time. The increased blood flow can lead to elevated pressure in the pulmonary vasculature, ultimately resulting in right ventricular dysfunction and heart failure, which are characteristic features of Pulmonary Hypertension. Therefore, if a patient has a congenital septal defect of the heart, they may develop Pulmonary Hypertension as a complication of their underlying condition."
Right ventricular abnormality,4101621,True,"Yes, a right ventricular abnormality can be specific to Pulmonary Hypertension. In PH, the elevated blood pressure within the pulmonary vasculature can lead to right ventricular dysfunction, ultimately resulting in heart failure. Therefore, if a patient has a right ventricular abnormality, it may be indicative of PH as it is a common complication of the disease. However, it is important to note that not all right ventricular abnormalities are caused by PH, as there can be other underlying conditions that may also affect the right ventricle."
Acute systolic heart failure,40480603,False,"No

Rationale: Acute systolic heart failure is a condition characterized by the inability of the heart to pump effectively, leading to symptoms such as shortness of breath, fatigue, and fluid retention. While pulmonary hypertension can lead to right ventricular dysfunction and ultimately heart failure, not all cases of acute systolic heart failure are specifically due to pulmonary hypertension. There are various causes of acute systolic heart failure, including coronary artery disease, myocardial infarction, valvular heart disease, and cardiomyopathies, among others. Therefore, having acute systolic heart failure does not definitively mean that a person has pulmonary hypertension."
Renal tubular disorder,4318544,False,"No

Rationale: A renal tubular disorder is not specific to pulmonary hypertension. While patients with pulmonary hypertension may have comorbidities such as renal tubular disorders, the presence of a renal tubular disorder does not definitively indicate the presence of pulmonary hypertension. The two conditions are not directly related in terms of pathophysiology or diagnostic criteria."
Sarcoidosis,438688,False,"No, sarcoidosis is not specific to pulmonary hypertension. While sarcoidosis can affect the lungs and lead to pulmonary complications, it is not a defining characteristic of pulmonary hypertension. Sarcoidosis is a systemic inflammatory disease characterized by the formation of granulomas in various organs, including the lungs, lymph nodes, skin, and eyes. It can present with respiratory symptoms such as cough, dyspnea, and chest pain, but it is not a direct cause of pulmonary hypertension. Therefore, having sarcoidosis does not definitively mean that a person will have pulmonary hypertension."
Chronic diastolic heart failure,40479576,False,"No, chronic diastolic heart failure is not specific to pulmonary hypertension. While pulmonary hypertension can lead to right ventricular dysfunction and ultimately heart failure, chronic diastolic heart failure can have various causes, including hypertension, coronary artery disease, and valvular heart disease. Therefore, having chronic diastolic heart failure does not definitively mean that a person has pulmonary hypertension."
Mitral valve stenosis,315273,False,"No, mitral valve stenosis is not specific to pulmonary hypertension. Mitral valve stenosis is a condition where the mitral valve in the heart is narrowed, leading to restricted blood flow from the left atrium to the left ventricle. While mitral valve stenosis can lead to increased pressure in the left side of the heart, it is not directly related to the elevated blood pressure in the pulmonary vasculature seen in pulmonary hypertension. These two conditions have different pathophysiologies and etiologies, and having mitral valve stenosis does not necessarily mean that a person will also have pulmonary hypertension."
Venous hypertension,312935,False,"No, venous hypertension is not specific to pulmonary hypertension. Venous hypertension refers to elevated pressure in the veins, typically in the lower extremities, due to impaired venous return to the heart. While pulmonary hypertension involves elevated pressure in the pulmonary vasculature, it is a separate condition with different pathophysiology and diagnostic criteria. While venous hypertension can contribute to the development of pulmonary hypertension in some cases, it is not a defining characteristic of the condition."
Cardiovascular system complication of procedure,43022062,False,"No, the condition ""Cardiovascular system complication of procedure"" is not specific to Pulmonary Hypertension. While patients with Pulmonary Hypertension may undergo procedures that could potentially lead to cardiovascular complications, the presence of a cardiovascular system complication of a procedure does not definitively indicate the presence of Pulmonary Hypertension. Pulmonary Hypertension is a specific condition characterized by elevated blood pressure within the pulmonary vasculature, which is not necessarily directly related to complications from a procedure."
Acute on chronic systolic heart failure,40480602,False,"No

Rationale: Acute on chronic systolic heart failure is a condition characterized by a sudden worsening of symptoms in a patient with pre-existing heart failure, specifically related to reduced ejection fraction. While pulmonary hypertension can lead to right ventricular dysfunction and heart failure, not all patients with pulmonary hypertension will have acute on chronic systolic heart failure. Therefore, the presence of acute on chronic systolic heart failure does not definitively indicate the presence of pulmonary hypertension."
Portal hypertension,192680,False,"No

Rationale: Portal hypertension is not specific to pulmonary hypertension. Portal hypertension is characterized by increased pressure in the portal vein system, typically due to liver disease such as cirrhosis. While both conditions involve elevated blood pressure, they affect different vascular systems (pulmonary vs. portal) and have distinct underlying causes and manifestations. Therefore, having portal hypertension does not definitively mean that a person has pulmonary hypertension."
Hemolytic anemia,435503,False,"No, hemolytic anemia is not specific to pulmonary hypertension. While hemolytic anemia can occur in patients with pulmonary hypertension as a result of various underlying causes such as autoimmune disorders or certain medications, it is not a defining characteristic of the disease. Patients with pulmonary hypertension may present with symptoms such as dyspnea, fatigue, chest pain, syncope, and signs of right heart failure, but the presence of hemolytic anemia alone does not definitively indicate the presence of pulmonary hypertension. Additional diagnostic evaluation, such as echocardiography and right heart catheterization, would be necessary to confirm the diagnosis of pulmonary hypertension."
Acute diastolic heart failure,40481042,False,"No, acute diastolic heart failure is not specific to Pulmonary Hypertension. Acute diastolic heart failure refers to a sudden onset of heart failure symptoms due to impaired relaxation of the heart muscle during diastole, leading to elevated pressures in the heart chambers. While Pulmonary Hypertension can lead to right ventricular dysfunction and heart failure, there are many other causes of acute diastolic heart failure, such as hypertension, myocardial infarction, valvular heart disease, and cardiomyopathies. Therefore, having acute diastolic heart failure does not definitively mean that a person has Pulmonary Hypertension."
Autosomal dominant hereditary disorder,4006473,False,"No, the condition of an autosomal dominant hereditary disorder is not specific to Pulmonary Hypertension. While Pulmonary Hypertension can be hereditary in some cases, it can also be caused by various other factors as mentioned in the description, such as idiopathic, drug-induced, or associated with other conditions. Therefore, having an autosomal dominant hereditary disorder does not definitively mean that an individual will have Pulmonary Hypertension."
Developmental hereditary disorder,4180651,False,"No, a developmental hereditary disorder is not specific to Pulmonary Hypertension. While PH can be hereditary in some cases, not all cases of PH are due to a developmental hereditary disorder. PH can also be caused by other factors such as drug-induced, connective tissue diseases, congenital heart defects, or chronic lung diseases. Therefore, having a developmental hereditary disorder does not definitively mean that an individual has Pulmonary Hypertension."
Acute on chronic diastolic heart failure,40481043,False,"No, acute on chronic diastolic heart failure is not specific to Pulmonary Hypertension. While patients with Pulmonary Hypertension may develop right ventricular dysfunction and heart failure, acute on chronic diastolic heart failure is a specific type of heart failure characterized by impaired relaxation of the heart muscle during diastole. It is not a defining feature of Pulmonary Hypertension."
Acute pulmonary edema,261600,False,"No, acute pulmonary edema is not specific to pulmonary hypertension. Acute pulmonary edema is a condition characterized by the accumulation of fluid in the lungs, leading to difficulty breathing, coughing, and potentially life-threatening respiratory distress. While pulmonary hypertension can lead to right heart failure and fluid accumulation in the lungs, acute pulmonary edema can have various causes such as heart failure, severe infections, or exposure to toxins. Therefore, having acute pulmonary edema does not definitively mean that a person has pulmonary hypertension, as there are other potential underlying causes for this condition."
Hypertensive heart failure,444101,False,"No

Rationale: While pulmonary hypertension can lead to right ventricular dysfunction and heart failure, not all cases of hypertensive heart failure are specifically due to pulmonary hypertension. Hypertensive heart failure can also be caused by other conditions such as systemic hypertension affecting the left side of the heart. Therefore, having hypertensive heart failure does not definitively mean that a person has pulmonary hypertension."
Venous occlusion,4145867,False,"No, venous occlusion is not specific to pulmonary hypertension. Venous occlusion refers to the blockage or obstruction of a vein, which can occur in various parts of the body and can be caused by different conditions such as deep vein thrombosis or venous insufficiency. While venous occlusion can potentially contribute to the development of pulmonary hypertension in certain cases, it is not a defining characteristic of the condition. Pulmonary hypertension is primarily characterized by elevated blood pressure within the pulmonary vasculature, leading to right ventricular dysfunction and heart failure, as described in the provided description."
Hereditary nephropathy,45757752,False,"No, hereditary nephropathy is not specific to pulmonary hypertension. Hereditary nephropathy refers to a group of inherited kidney diseases that affect the structure and function of the kidneys. While there may be some overlap in symptoms such as fatigue and fluid retention, hereditary nephropathy primarily affects the kidneys, not the pulmonary vasculature or heart. Therefore, having hereditary nephropathy does not definitively mean that a person will also have pulmonary hypertension."
Histiocytic syndrome,4130197,False,"No, histiocytic syndrome is not specific to pulmonary hypertension. Histiocytic syndrome refers to a group of rare disorders characterized by an overproduction of histiocytes, a type of white blood cell. These disorders can affect various organs and systems in the body, leading to a wide range of symptoms depending on the specific subtype of histiocytic syndrome. While some forms of histiocytic syndrome may involve pulmonary manifestations, it is not a defining feature of the condition. Therefore, having histiocytic syndrome does not necessarily mean that an individual will also have pulmonary hypertension."
Mass of cardiovascular structure,4102113,False,"No, a mass of a cardiovascular structure is not specific to Pulmonary Hypertension. While patients with Pulmonary Hypertension may develop right ventricular hypertrophy due to the increased pressure in the pulmonary vasculature, a mass of a cardiovascular structure could indicate other conditions such as cardiac tumors, thrombi, or other structural abnormalities that are not necessarily related to Pulmonary Hypertension. Further evaluation and imaging studies would be needed to determine the cause of the mass."
Hyperuricemia,4147761,False,"No, hyperuricemia is not specific to pulmonary hypertension. Hyperuricemia is a condition characterized by elevated levels of uric acid in the blood, which can lead to the formation of urate crystals in joints and tissues, causing gout or kidney stones. While hyperuricemia can be present in patients with pulmonary hypertension, it is not a defining or specific feature of the disease. Pulmonary hypertension is primarily characterized by elevated blood pressure in the pulmonary vasculature and right ventricular dysfunction, rather than elevated uric acid levels. Therefore, having hyperuricemia does not definitively mean that a person has pulmonary hypertension."
Pulmonary vein finding,4119821,False,"No, a pulmonary vein finding is not specific to Pulmonary Hypertension. Pulmonary vein findings may indicate other conditions such as pulmonary vein stenosis, pulmonary vein thrombosis, or pulmonary vein obstruction, which are not necessarily indicative of Pulmonary Hypertension. While pulmonary vein abnormalities can contribute to the development of PH in some cases, they are not a definitive indicator of the disease. Additional diagnostic testing and evaluation would be needed to confirm a diagnosis of Pulmonary Hypertension in the presence of pulmonary vein findings."
Familial disease,4008090,True,"Yes, the condition of familial disease can be specific to the malady of Pulmonary Hypertension. Familial Pulmonary Hypertension refers to cases where there is a genetic predisposition for developing the condition. In these cases, if a family member has been diagnosed with Pulmonary Hypertension due to a genetic mutation, other family members may also be at risk for developing the condition. Therefore, if someone has the familial condition of a genetic predisposition for Pulmonary Hypertension, they are likely to have the malady as well."
Multiple system malformation syndrome,4220676,False,"No, the condition ""Multiple system malformation syndrome"" is not specific to Pulmonary Hypertension. Multiple system malformation syndrome refers to a group of disorders characterized by abnormalities affecting multiple organ systems, which can include structural defects, developmental delays, and other medical issues. While some individuals with multiple system malformation syndrome may develop pulmonary hypertension as a secondary complication, the presence of this condition does not definitively indicate the presence of Pulmonary Hypertension. Pulmonary Hypertension is a specific medical condition characterized by elevated blood pressure within the pulmonary vasculature, as described in the provided description."
Acute combined systolic and diastolic heart failure,44782718,False,"No, acute combined systolic and diastolic heart failure is not specific to pulmonary hypertension. While pulmonary hypertension can lead to right ventricular dysfunction and ultimately heart failure, acute combined systolic and diastolic heart failure can have various causes, including but not limited to coronary artery disease, hypertension, valvular heart disease, and cardiomyopathies. Therefore, having acute combined systolic and diastolic heart failure does not definitively mean that a person has pulmonary hypertension."
Neonatal cardiovascular disorder,4180943,False,"No, neonatal cardiovascular disorder is not specific to pulmonary hypertension. Neonatal cardiovascular disorder is a broad term that encompasses various heart conditions that can affect newborns, including congenital heart defects, arrhythmias, and structural abnormalities. While pulmonary hypertension can be a component of some neonatal cardiovascular disorders, it is not the only condition that falls under this category. Therefore, having a neonatal cardiovascular disorder does not definitively mean that an individual has pulmonary hypertension."
Chronic metabolic disorder,4027557,False,"No, a chronic metabolic disorder is not specific to Pulmonary Hypertension. While certain metabolic disorders may contribute to the development of PH, having a chronic metabolic disorder does not definitively mean that an individual has Pulmonary Hypertension. PH is primarily characterized by elevated blood pressure within the pulmonary vasculature, which is not a direct result of a chronic metabolic disorder. Additional diagnostic evaluation and assessment would be needed to confirm the presence of Pulmonary Hypertension in an individual with a chronic metabolic disorder."
Fibromatosis,37109980,False,"No, fibromatosis is not specific to pulmonary hypertension. Fibromatosis, also known as desmoid tumors, is a rare condition characterized by the growth of noncancerous tumors in the connective tissue. While fibromatosis can occur in various parts of the body, it is not directly related to pulmonary hypertension, which is a specific condition affecting the pulmonary vasculature and right ventricular function. Therefore, having fibromatosis does not necessarily mean that an individual has pulmonary hypertension."
Hypertensive heart and renal disease with (congestive) heart failure,439696,False,"No.

Rationale:
While pulmonary hypertension can lead to right ventricular dysfunction and heart failure, the condition ""Hypertensive heart and renal disease with (congestive) heart failure"" specifically refers to heart and renal disease caused by hypertension. It does not directly correlate with the elevated blood pressure within the pulmonary vasculature that characterizes pulmonary hypertension. Therefore, having the condition does not definitively mean that one has pulmonary hypertension."
Disorder of capillaries,321876,False,"No, a disorder of capillaries is not specific to Pulmonary Hypertension. While Pulmonary Hypertension is characterized by elevated blood pressure within the pulmonary vasculature, it specifically refers to the pulmonary arteries rather than capillaries. Pulmonary Hypertension involves the increase in mean pulmonary arterial pressure, not capillary dysfunction. Therefore, having a disorder of capillaries does not definitively mean that an individual has Pulmonary Hypertension."
Acute on chronic combined systolic and diastolic heart failure,44782733,False,"No, the condition ""Acute on chronic combined systolic and diastolic heart failure"" is not specific to Pulmonary Hypertension. While patients with Pulmonary Hypertension may develop right ventricular dysfunction and heart failure, the specific condition described refers to a combination of systolic and diastolic heart failure, which can have various underlying causes such as coronary artery disease, hypertension, valvular heart disease, or cardiomyopathies. Therefore, having the condition does not definitively mean that the individual has Pulmonary Hypertension."
Thromboembolic disorder,4159647,False,"No. Thromboembolic disorder is not specific to Pulmonary Hypertension. While chronic thromboembolic disease is mentioned as an exclusion for Pulmonary Hypertension, not all individuals with a thromboembolic disorder will develop Pulmonary Hypertension. Thromboembolic disorder refers to the formation of blood clots in the blood vessels, which can lead to various complications depending on the location and extent of the clot. While chronic thromboembolic disease can lead to Pulmonary Hypertension, it is not a definitive indicator of the condition."
Hypoventilation,312603,False,"No, hypoventilation is not specific to Pulmonary Hypertension. Hypoventilation refers to decreased ventilation of the lungs, leading to an increase in carbon dioxide levels and a decrease in oxygen levels in the blood. While hypoventilation can occur in patients with Pulmonary Hypertension due to the impaired gas exchange in the lungs, it is not a specific symptom or diagnostic criteria for the condition. Pulmonary Hypertension is primarily characterized by elevated blood pressure in the pulmonary vasculature and right ventricular dysfunction."
Mitochondrial cytopathy,81539,False,"No, mitochondrial cytopathy is not specific to pulmonary hypertension. Mitochondrial cytopathy refers to a group of disorders caused by abnormalities in the mitochondria, which are responsible for producing energy in cells. While mitochondrial dysfunction can contribute to various health issues, including cardiovascular problems, it is not a defining characteristic of pulmonary hypertension. Pulmonary hypertension is primarily related to elevated blood pressure in the pulmonary vasculature, leading to right ventricular dysfunction and heart failure. Therefore, having mitochondrial cytopathy does not necessarily mean that an individual will have pulmonary hypertension."
Chronic pulmonary embolism,44782732,False,"No.

Rationale: Chronic pulmonary embolism is a condition characterized by the presence of a blood clot in the pulmonary arteries, leading to impaired blood flow to the lungs. While chronic pulmonary embolism can lead to pulmonary hypertension as a complication, not all cases of chronic pulmonary embolism will result in the development of pulmonary hypertension. Therefore, having chronic pulmonary embolism does not definitively mean that a person has pulmonary hypertension."
Dependence on supplemental oxygen,42873170,True,"Yes, dependence on supplemental oxygen can be specific to Pulmonary Hypertension. 

Patients with Pulmonary Hypertension may develop severe symptoms such as dyspnea and fatigue due to the elevated pulmonary arterial pressure and right ventricular dysfunction. As the disease progresses, these patients may require supplemental oxygen to help with their breathing and oxygenation. Therefore, if a patient with Pulmonary Hypertension is dependent on supplemental oxygen, it is highly likely that they have the malady. However, not all patients who are dependent on supplemental oxygen have Pulmonary Hypertension, as there are other conditions that can also lead to the need for oxygen therapy."
Alveolar hypoventilation,440376,True,"Yes, alveolar hypoventilation can be specific to Pulmonary Hypertension. Alveolar hypoventilation refers to inadequate ventilation of the alveoli in the lungs, leading to decreased oxygen levels and increased carbon dioxide levels in the blood. In the context of Pulmonary Hypertension, alveolar hypoventilation can occur as a result of impaired gas exchange due to the elevated pulmonary arterial pressure and subsequent right heart dysfunction. This can contribute to symptoms such as dyspnea and fatigue in patients with Pulmonary Hypertension. Therefore, if a patient with Pulmonary Hypertension presents with alveolar hypoventilation, it is likely a specific manifestation of the disease."
Chronic hypoxemic respiratory failure,4177862,True,"Yes, chronic hypoxemic respiratory failure can be specific to Pulmonary Hypertension. 

Chronic hypoxemic respiratory failure is a condition characterized by low oxygen levels in the blood over a prolonged period of time, often due to underlying lung diseases such as chronic obstructive pulmonary disease (COPD) or interstitial lung disease. In the context of Pulmonary Hypertension, chronic hypoxemia can lead to vasoconstriction in the pulmonary vasculature, contributing to the development or worsening of PH. Therefore, if a patient has chronic hypoxemic respiratory failure, they may also have or be at risk for developing Pulmonary Hypertension."
Cardiovascular system hereditary disorder,4179992,False,"No. A cardiovascular system hereditary disorder is a broad category that can encompass a variety of conditions affecting the heart and blood vessels. While some hereditary disorders may predispose individuals to developing pulmonary hypertension, not all cardiovascular system hereditary disorders specifically lead to pulmonary hypertension. Therefore, having a cardiovascular system hereditary disorder does not definitively mean that an individual has pulmonary hypertension."
Langerhans cell histiocytosis,4278365,False,"No, Langerhans cell histiocytosis is not specific to Pulmonary Hypertension. Langerhans cell histiocytosis is a rare disorder characterized by an overproduction of Langerhans cells in the body, leading to the formation of tumors or lesions. While Langerhans cell histiocytosis can affect multiple organs, including the lungs, it is not directly linked to the development of Pulmonary Hypertension. The two conditions have different pathophysiological mechanisms and etiologies, making them distinct entities."
Acute on chronic hypoxemic respiratory failure,37016114,False,"No

Rationale:
Acute on chronic hypoxemic respiratory failure is a condition characterized by a sudden worsening of respiratory function in a patient with pre-existing chronic respiratory insufficiency. While pulmonary hypertension can lead to chronic hypoxemia and respiratory failure, not all patients with pulmonary hypertension will develop acute on chronic hypoxemic respiratory failure. Therefore, the presence of acute on chronic hypoxemic respiratory failure does not definitively indicate the presence of pulmonary hypertension."
Pulmonary sarcoidosis,4086243,False,"No

Rationale: Pulmonary sarcoidosis is a condition characterized by the formation of granulomas in the lungs, which can lead to symptoms such as cough, shortness of breath, and chest pain. While pulmonary sarcoidosis can potentially lead to pulmonary hypertension as a complication, not all patients with pulmonary sarcoidosis will develop pulmonary hypertension. Therefore, having pulmonary sarcoidosis does not definitively mean that a person will have pulmonary hypertension."
Inflammatory disorder of mediastinum,4189294,False,"No, the condition ""Inflammatory disorder of mediastinum"" is not specific to Pulmonary Hypertension. While inflammation in the mediastinum can potentially be a complication of Pulmonary Hypertension, it is not a defining characteristic of the disease. Pulmonary Hypertension is primarily characterized by elevated blood pressure in the pulmonary vasculature leading to right ventricular dysfunction and heart failure. Therefore, having an inflammatory disorder of the mediastinum does not definitively mean that a person has Pulmonary Hypertension."
Chronic hypercapnic respiratory failure,4140438,True,"Yes, chronic hypercapnic respiratory failure can be specific to Pulmonary Hypertension. 

Chronic hypercapnic respiratory failure is a condition characterized by elevated levels of carbon dioxide in the blood due to inadequate ventilation. In the context of Pulmonary Hypertension, chronic hypercapnic respiratory failure can occur as a result of the underlying lung disease or respiratory muscle weakness that may be contributing to the development of PH. 

Patients with Pulmonary Hypertension may develop chronic hypercapnic respiratory failure as a consequence of the disease process affecting the pulmonary vasculature and leading to impaired gas exchange in the lungs. Therefore, if a patient has chronic hypercapnic respiratory failure, it is possible that they also have Pulmonary Hypertension. However, not all patients with Pulmonary Hypertension will necessarily develop chronic hypercapnic respiratory failure, as it depends on the specific underlying causes and disease progression."
Acute on chronic hypercapnic respiratory failure,36716978,True,"Yes, acute on chronic hypercapnic respiratory failure can be specific to Pulmonary Hypertension. 

Patients with Pulmonary Hypertension can develop acute on chronic hypercapnic respiratory failure due to the progression of the disease leading to impaired gas exchange and respiratory muscle weakness. This condition can result in an exacerbation of symptoms such as dyspnea and fatigue, which are common in patients with Pulmonary Hypertension. Therefore, if a patient with Pulmonary Hypertension presents with acute on chronic hypercapnic respiratory failure, it is highly likely that the two conditions are related."
Pulmonary thrombosis,4239826,False,"No

Rationale: Pulmonary thrombosis refers to the formation of blood clots within the pulmonary vasculature, which can lead to pulmonary embolism. While pulmonary thrombosis can contribute to pulmonary hypertension in some cases, it is not specific to the malady of pulmonary hypertension. Pulmonary hypertension can have various causes, including but not limited to pulmonary thrombosis. Therefore, having pulmonary thrombosis does not definitively mean that an individual has pulmonary hypertension."
Pulmonary lymphangioleiomyomatosis,4174275,True,"Yes, pulmonary lymphangioleiomyomatosis (LAM) is specific to the malady of Pulmonary Hypertension (PH). LAM is a rare lung disease that can lead to the development of PH as a complication. LAM is characterized by the abnormal growth of smooth muscle cells in the lungs, which can lead to obstruction of blood vessels and increased pulmonary arterial pressure, ultimately resulting in PH. Therefore, if a patient has been diagnosed with pulmonary lymphangioleiomyomatosis, they are at risk of developing pulmonary hypertension as a consequence of their underlying lung disease."
Angiomatosis,4006951,False,"No, angiomatosis is not specific to pulmonary hypertension. Angiomatosis refers to a condition characterized by the presence of multiple small blood vessel tumors (angiomas) in various tissues and organs. While angiomatosis can occur in the lungs and potentially contribute to pulmonary hypertension, it is not a defining or specific feature of the condition. Pulmonary hypertension is primarily characterized by elevated blood pressure within the pulmonary vasculature, leading to right ventricular dysfunction and heart failure, which may have various underlying causes as mentioned in the description of the malady. Therefore, the presence of angiomatosis alone does not definitively indicate the presence of pulmonary hypertension."
Infection by Schistosoma,436038,False,"No, infection by Schistosoma is not specific to Pulmonary Hypertension. While Schistosoma infection can lead to pulmonary hypertension in some cases, it is not a definitive indicator of the condition. Pulmonary Hypertension can have various causes, as mentioned in the description, and Schistosoma infection is just one of many potential contributing factors. Additional diagnostic evaluation would be needed to confirm the presence of Pulmonary Hypertension in a patient with a Schistosoma infection."
High output heart failure,4004279,False,"No, high output heart failure is not specific to pulmonary hypertension. High output heart failure is a condition where the heart is unable to meet the body's demands despite normal or elevated cardiac output. It can be caused by various factors such as anemia, hyperthyroidism, arteriovenous shunts, or chronic liver disease. While pulmonary hypertension can lead to right ventricular dysfunction and heart failure, not all cases of high output heart failure are directly related to pulmonary hypertension. Therefore, having high output heart failure does not definitively mean that a person has pulmonary hypertension."
Biventricular congestive heart failure,4242669,True,"Yes, biventricular congestive heart failure is specific to pulmonary hypertension.

Rationale:
Biventricular congestive heart failure refers to the failure of both the left and right ventricles of the heart to pump effectively, leading to fluid buildup in the lungs and body. In the case of pulmonary hypertension, the elevated blood pressure in the pulmonary vasculature can lead to right ventricular dysfunction and ultimately heart failure, which can manifest as biventricular congestive heart failure. Therefore, if a patient has biventricular congestive heart failure, it is likely that they also have pulmonary hypertension as a contributing factor to their condition."
Right heart failure secondary to left heart failure,4195785,False,"No, right heart failure secondary to left heart failure is not specific to Pulmonary Hypertension. While right heart failure can be a complication of Pulmonary Hypertension due to the increased pressure in the pulmonary vasculature leading to right ventricular dysfunction, it can also occur as a result of left heart failure. Right heart failure secondary to left heart failure is a separate condition that can have various causes such as coronary artery disease, hypertension, valvular heart disease, or cardiomyopathy. Therefore, the presence of right heart failure secondary to left heart failure does not definitively indicate the presence of Pulmonary Hypertension."
Acute right-sided heart failure,4233424,True,"Yes, acute right-sided heart failure is specific to pulmonary hypertension. 

In pulmonary hypertension, the elevated blood pressure within the pulmonary vasculature can lead to right ventricular dysfunction and ultimately, heart failure. Acute right-sided heart failure is a manifestation of this process, as the right ventricle struggles to pump blood against the increased pulmonary pressures. Therefore, if a patient has acute right-sided heart failure, it is highly likely that they also have pulmonary hypertension."
Capillary hemangioma,4291592,False,"No, a capillary hemangioma is not specific to pulmonary hypertension. Capillary hemangiomas are benign vascular tumors commonly found in infants and young children, typically appearing as a red or purple raised lesion on the skin or mucous membranes. They are not directly related to the pathophysiology of pulmonary hypertension, which involves elevated blood pressure in the pulmonary vasculature leading to right ventricular dysfunction and heart failure. While both conditions involve blood vessels, they are distinct entities with different etiologies and clinical presentations."
Chronic hemolytic anemia,45768941,False,"No.

Rationale:
Chronic hemolytic anemia is not specific to pulmonary hypertension. While chronic hemolytic anemia can be a comorbidity or associated condition in some cases of pulmonary hypertension, it is not a defining characteristic of the disease. Pulmonary hypertension is primarily characterized by elevated blood pressure within the pulmonary vasculature leading to right ventricular dysfunction and heart failure, as described in the provided description. Therefore, having chronic hemolytic anemia does not definitively mean that an individual has pulmonary hypertension."
Sclerosing mediastinitis,4249898,False,"No, sclerosing mediastinitis is not specific to pulmonary hypertension. Sclerosing mediastinitis is a rare fibroinflammatory disorder characterized by the proliferation of fibrous tissue within the mediastinum, which can lead to compression of mediastinal structures such as the esophagus, trachea, and blood vessels. While sclerosing mediastinitis can potentially lead to pulmonary hypertension if it causes compression of pulmonary vessels, it is not a defining feature of the condition. Therefore, having sclerosing mediastinitis does not definitively mean that a person has pulmonary hypertension."
CK syndrome,36676440,False,"No, CK syndrome is not specific to Pulmonary Hypertension. CK syndrome is a rare genetic disorder characterized by intellectual disability, seizures, microcephaly, and a distinctive facial appearance. There is no known association between CK syndrome and Pulmonary Hypertension based on current medical knowledge."
Acquired hemangiomatosis,4111945,False,"No, acquired hemangiomatosis is not specific to pulmonary hypertension. Acquired hemangiomatosis is a rare vascular disorder characterized by multiple cutaneous and visceral hemangiomas. While it can present with pulmonary involvement, it is not a defining feature of pulmonary hypertension. Pulmonary hypertension is primarily characterized by elevated blood pressure within the pulmonary vasculature leading to right ventricular dysfunction and heart failure. Therefore, having acquired hemangiomatosis does not definitively mean that a person has pulmonary hypertension."
Obesity associated disorder,4176962,False,"No

Rationale: While obesity is a known risk factor for developing pulmonary hypertension, it is not a specific condition that definitively indicates the presence of pulmonary hypertension. Many individuals with obesity may not develop pulmonary hypertension, and there are other factors and conditions that can contribute to the development of pulmonary hypertension. Therefore, having an obesity-associated disorder does not necessarily mean that an individual definitely has pulmonary hypertension."
Acute on chronic right-sided congestive heart failure,37309625,True,"Yes, acute on chronic right-sided congestive heart failure is specific to Pulmonary Hypertension.

Rationale:
Acute on chronic right-sided congestive heart failure is a condition characterized by the exacerbation of symptoms of right-sided heart failure, such as fluid retention, peripheral edema, and hepatic congestion. In the context of Pulmonary Hypertension, the elevated pulmonary arterial pressure can lead to right ventricular dysfunction and ultimately right-sided heart failure. Therefore, if a patient has acute on chronic right-sided congestive heart failure, it is highly likely that they also have Pulmonary Hypertension, as the two conditions are closely related in terms of pathophysiology and presentation."
Autosomal recessive severe congenital neutropenia due to G6PC3 deficiency,37204406,False,"No

Rationale: Autosomal recessive severe congenital neutropenia due to G6PC3 deficiency is a genetic disorder that affects the immune system, specifically causing a decrease in neutrophils. This condition is not specific to pulmonary hypertension, as it primarily affects the immune system and does not directly impact the pulmonary vasculature or right ventricular function. While a patient with this condition may potentially develop pulmonary hypertension as a secondary complication, having autosomal recessive severe congenital neutropenia due to G6PC3 deficiency does not definitively mean that the individual will have pulmonary hypertension."
Hypertension secondary to drug,4108213,False,"No, hypertension secondary to drug is not specific to Pulmonary Hypertension. 

Hypertension secondary to drug refers to elevated blood pressure caused by certain medications or substances. While drug-induced hypertension can lead to various complications, including cardiovascular issues, it is not directly related to the specific pathophysiology of Pulmonary Hypertension, which involves elevated blood pressure within the pulmonary vasculature leading to right ventricular dysfunction. Therefore, having drug-induced hypertension does not definitively mean that an individual has Pulmonary Hypertension."
Chronic drug-induced interstitial lung disorders,4112814,False,"No

Rationale: Chronic drug-induced interstitial lung disorders are not specific to pulmonary hypertension. While drug-induced lung disorders can lead to pulmonary hypertension as a complication, not all patients with drug-induced interstitial lung disorders will develop pulmonary hypertension. The presence of chronic drug-induced interstitial lung disorders does not definitively indicate the presence of pulmonary hypertension."
Pulmonary heart disease,4167085,True,"Yes, pulmonary heart disease is specific to pulmonary hypertension. Pulmonary heart disease, also known as cor pulmonale, is a condition that occurs when the right side of the heart becomes enlarged and strained due to high blood pressure in the lungs (pulmonary hypertension). Therefore, if a person has pulmonary heart disease, they definitely have pulmonary hypertension as the underlying cause."
Indian childhood cirrhosis,4268006,False,"No, Indian childhood cirrhosis is not specific to pulmonary hypertension. Indian childhood cirrhosis is a rare form of liver disease that primarily affects children in India, leading to liver failure and cirrhosis. While there may be some overlap in symptoms such as fatigue and potentially right heart failure in advanced cases, Indian childhood cirrhosis is primarily a liver condition and not directly related to pulmonary hypertension."
Chronic pulmonary thromboembolism without pulmonary hypertension,45771016,False,"No, chronic pulmonary thromboembolism without pulmonary hypertension is not specific to the malady of Pulmonary Hypertension. 

Chronic pulmonary thromboembolism refers to the presence of blood clots in the pulmonary arteries over a prolonged period of time. While chronic pulmonary thromboembolism can lead to pulmonary hypertension in some cases, it is not a definitive indicator of the presence of Pulmonary Hypertension. 

Pulmonary Hypertension is a distinct condition characterized by elevated blood pressure within the pulmonary vasculature, which can have various underlying causes beyond chronic pulmonary thromboembolism. Therefore, the presence of chronic pulmonary thromboembolism without pulmonary hypertension does not definitively indicate the presence of Pulmonary Hypertension."
Chronic pulmonary heart disease,315831,True,"Yes, chronic pulmonary heart disease is specific to pulmonary hypertension. Chronic pulmonary heart disease refers to the long-term effects of pulmonary hypertension on the heart, specifically leading to right ventricular dysfunction and ultimately heart failure. Therefore, if a patient has chronic pulmonary heart disease, they definitely have pulmonary hypertension as the underlying cause."
Neurofibroma,4300676,False,"No, neurofibroma is not specific to pulmonary hypertension. Neurofibroma is a benign nerve sheath tumor that arises from the cells that cover nerves. It is typically associated with neurofibromatosis type 1 (NF1) or can occur sporadically. While patients with NF1 may have various systemic manifestations, including cardiovascular abnormalities, there is no direct link between neurofibroma and pulmonary hypertension. Pulmonary hypertension is primarily related to the pathophysiology of the pulmonary vasculature and right heart function, rather than nerve sheath tumors."
